Entity ID,Cluster ID
mohd-akber-khan-9a978052,6
vijayrout,5
pulkit-kinra-91629b131,3
iyappan-subramanian-0381441a,3
devesh-p-970aa720,4
jayakrishnagolla,6
arun-kumar-manivannan-361a5693,6
sanjeev-verma-556b2136,3
sridhar-goud-palusam,6
jayeshpawar92,2
bharat-pandit,5
adarsh-gn-367b88107,3
sasi-kumar-106b9b19,3
skum14,3
mageshqa,3
karthick-ponnusamy-6ba3a9100,6
vishal-betgeri-1250a659,3
arunksoni,1
nitish-hajare-65552b93,4
omkar-kulkarni-50408522,5
mohit-kumar-b29b97183,3
mukesh-kumar-a1066b3a,6
rishav-raj-24608357,6
karthik-ps-61969042,2
prabu-rajan-82185967,5
srikant-vishwakarma-3b961977,6
suresh-munuswamy-75821a57,5
arpit-aggarwal-a24b191b,1
sandip-thite-17417741,6
saw-aaron-say,3
gadigeppa,5
amit-bhoi-844493147,6
ashokkumar-govindarajan-0311129a,5
arun-n-849b4a141,6
nikhil-sehgal-0616874b,6
prabhu-akkireddy-39b96144,1
pulkit-kinra,3
rohit-r-858192ab,6
ravi-vaswani-1096434,3
shrivatsa-hande-4a003618,6
amitstrivedi,2
momi-patra-5796a738,5
ramamoorthy-s-602aa340,5
charan-reddy-9489341a,5
chandra-shekhar-sukhwal-4b35a865,1
manas-ojha-19327165,6
thiyagarajankm,6
himanshu-singh-viet-varanasi,4
subramanian-s-b4588a52,6
syed-zakriya-33349854,2
aarav-krish-a53315235,1
ractim-chakraborty-9767a415,1
saurabh-r-b7b15980,3
jasthi-s-l-prasanna-8a0832116,5
manjunatha-m-s-a63b7733,3
mohit-gupta-devops,6
shivam-srivastava-291956111,5
pritam-das-42992315,6
magesh-s-51999355,4
srijith-ponnnapan-73394b23,6
mohammed-faizal-s-47094753,5
prabhat-srivastava-85bb693b,4
kishore-kumar-563bb751,4
sheshank-sharma-a28b5721b,6
sharma-ravinder,6
supritam-sadhukhan-a0462ba5,6
abhijeet-kedari-80919698,6
manoj-chhetri-a3010029,6
hitesh-rathi-5aa810a,5
sreekumar-v-g-387b4838,6
vishak-shetty,4
bharath-k-33930892,4
poornachandrarao-maddu-b3aa8615,6
tamil-eniyan-343b1557,6
saravanan-dhandapani-9472821b7,3
alokraj001,5
sureshkumar-v-n-918a339,4
girish-napa-92790331,6
vignesh-thirumoorthi-30645889,4
srikanth-gummadi-891b5b180,3
sachin-kumar-8ab54632,3
manohar-mn-a1492816,6
ranveer-kumar-791b925b,3
lokesh-jeevanantham-6064b555,6
gopalakrishnan-manickam-77a3807a,6
varadarajan-gnanasekaran-59941053,5
karuppusamyb,6
marikannan-paramasivam-9b3a3153,5
vishal-padwal-65338367,4
madhu-sudhan-6b5729b2,3
sridhar-gunasekaran-10583850,5
rohil-arora-77212371,6
snehil1001,6
arindam-saha-8ab0268,1
kamlesh-chhajed-b370a125,6
srinivasa-r-349b8366,6
ghalib-aabdar-17577854,3
adarsha-vp-99b968202,6
venkat-ramanaiah-8143516a,5
pritam-giri-5ab196bb,4
divyanshu-dhruw-7a72a141,2
nishant-pandey-717b7754,4
divy-mahto-a25a5a21a,3
yi-xiong-96375155,1
nidheesh-kadhaliyil-3b2aa619,6
dhruv-joshi-47962a15,3
shekhar-saxena-52a07867,6
kumar-g-75541845,6
salil-kulshrestha-8ab81a13,3
mayank-gupta-58084559,4
pritam-sonawane-b0797155,3
sandeep-surendran-ab9858184,4
kumarsubrat,6
raja-simman-44820357,4
shikhartanwar,2
siddharthsinghh,5
abhishek-kumar-1a757323,1
seong-gon-kim-a89355117,1
rajan-m-129b9a16a,6
fajas-fasalullah,3
siraj-jafri,6
muhamadumansur,4
harshverma1516,6
ravikumar-koyyada-4a975834,3
lukesh-jeevanandam-09936821,3
basavaraj-m-k-a47807a8,4
abhishek-shivanagere-914b3883,3
mohanraj-muthusamy-14043971,4
deenadhayalan-natarajan-6874bb40,3
jersen-mathew-b3480a63,6
kapil-arora-936535128,6
senthil-ganesh-jayaprakash-narayanan-56a6b282,6
karthik-packirisamy-80324422,3
rohit-kumar-148693bb,3
shiva-tp-b7a0451b4,3
sachin-jain-b2844b32,1
jayaprakash-g-v-304550242,6
prasadchethan,6
subhajit-naskar-645a34121,6
niranjan-paul-aa50a648,1
andhale-mahendra,4
karthik-b-75069822,6
karan-kotak-5653b374,6
naveen-devarajaiah-42974b11b,6
shaheen-pathan-15171022,3
goutham-bheesetti-b081886a,3
imran-khan-884b5870,4
apurv-jodawat-a000b36b,5
durgesh-gupta-3006941a,1
dhaffner,6
chitturi-venkatesh-4b326637,5
ugandhar-tm-92730b69,6
anish-p-m-344b911a,5
kalpesh-dharajiya-309a2724,1
sunil-kumar-jain-94066bba,3
pankaj-kumar-9480862869,5
asif-eqbal-34a71416,2
anish-prabhakaran-14a65428,6
avinash-cp-50641b9a,3
udayveer-jain-46362a16,4
rahul-jain-94731426,1
nvss-manikanta-deep-bonagiri-a90a70137,3
tarunkaramchandani,6
sagar-more-74ba15ab,4
brijeshkrsingh,5
sashi-karinky-a3090aa3,6
pinkesh-rajwala-276145209,1
ambrish-tripathi-004a5b20,4
nithin-venkatesh-34809a10,1
shailendra-kumar-patel,6
thirupathy-arun-balaji-65a781a,6
tirumala-manikanta-kandula-871a889,3
roshan-s-111298aa,3
saikiran-sudharshanam-656962147,4
johndhivagar,4
rahul-rajbhar-70204520,6
ragu-prasad-b6462114,6
dineshkumar-chakarapani-654409115,3
aman-goel-65282317,6
joel-vemula-2776a129,4
raghavendra-gowda-01,6
himanshu-dhingra-10423719,2
ramakrishna-pilli-2b759531,5
pranay-harivyasi-554b7222,3
sumit-ramola-6935506b,6
gsudheer85,3
amjad-khan-702393116,6
niranjan88,5
govinda-kumbhar-48383664,3
rajesh-kanna-45a83b163,4
kirantej-j-l-84603819,1
pasupulati-lavanya-0b0212103,4
vikramdalal225,5
viveksheth9,6
santanu-jena-26308741,3
tarak-mukherjee-846a7a4,3
deepak-prabhakaran-69335051,3
swarn-rekha-16219474,1
narendra-rathod-0254b120,3
ramvibhakar,3
raghunandansonawa,6
sivaranjan-p,4
vigneshwaran-murugavel-47b14b5a,6
siddharth-binny-8549067a,1
kiran-nagumanthri-a9541a148,4
adarsh-hegde-a1a327165,3
manjunath-goudar-71460872,1
avinash-kumar-mishra-70242840,5
ramesh-chand-kalirawana-b767a679,6
uthaya-kumar-duraisamy-699a7260,4
buddhadeb-mukherjee-24007752,3
ashok-kumar-arumugam-51835223,4
dinesh-naik-32593421,6
balkrishna-patil-7aa30335,3
ravi-kumar-395350a0,1
abhilashnairtechsupport,6
gagandeep-sodhi-b91a6689,5
shiv-kumar-jha-a2576a23,4
anoojkrishnan,6
ashoka-salimath-b1719717,1
sreejith-achi-8304406,4
satish-gangarde-12b42498,6
vaibhav-goyal-62592a55,3
anil-singh-49744867,4
kunal-hatipkar-09a65a3b,2
baisakh-b-17883a109,1
manivel-kandasamy-04a504a2,5
arnavarora,6
raviraj-ingale-2961a076,1
atul-anand-41566095,3
sai-bhargav-kanisetty-a5b27718b,6
david-das-11926b1b,6
krishna-chaitanya-ryali-a2b30357,4
ajayvaradarajan,4
vikassharma437,4
santhoshkumar-pullaiyannan-967a6073,4
abilash-srikandan-47791a17a,5
sunil-kumar-b3651532,6
pradeep-tiwari-a16b61a5,3
rathoreabhishek8,1
manoj-chauhan-70191066,1
madhu-reddy-b70b8a74,6
deepak-dash-13298170,6
yashwanth-aluru,6
ananth-kumar-87272164,2
omkar-jannu-a8691516,3
arul-christopher-005149104,1
gerald-selvan-7111b91b,3
saurabh-agrawal-51389829,5
govind-suthar-9aa45747,6
hariprasath-mahendran-70388a59,6
raghu-ram-194a79200,4
abhishek-toofani-a28958134,1
jamal-amir-9b030328,5
sureshbadavath,3
d3vr0y,3
sterin-thomas-b0499054,1
bs-reddy-512ab957,6
pravesh-shinde-138b8418b,1
selvaraj-gopinath-487857113,6
deepanselwyn,3
rajat-kothari-50759436,4
ashish-singh-92742249,6
aditya-d,6
yaswanth-kumar-6a46b0118,5
spnsathis,4
rajasekar-b-v-20653560,6
tejas-damle-2b15855b,6
chaitanya-yeradoni-4a984b58,1
mahesh-deshpande-826112109,6
bhaskardubey,1
dharmvir-deo-477a3667,3
dileep-perla,6
satishjawade,6
cadiga,4
sridhar-chimbili-8728a190,5
tanuj-kulshrestha,6
shujath-mohd-9a618a79,3
mithun-shahapur-11194639,3
debanjanray89,5
ashish-k-31b05ba5,4
sumde,6
harishgurubatham,6
vikram-dhandapani-80b79ab1,6
nitesh-ranjan-29b65162,4
yogesh-kumar-chandrasekaran-96094119,5
alan-j,6
rajesh-naik-k-s-3009b188,6
sahil-makol-b481b381,6
shekhar-chakravarty-3885211a,6
adarsh-nakka-a16b043b,6
kiran-d-cunha-baa9b927,3
sunil-jas-87a5a030,6
rajendra-choudhary-88178ba,1
sushrutpatnaik,1
fayezrazak,6
jayakrishnan-m-g-01351055,6
sivaganesan-veeramuthu-b81453b9,6
skyskater15,1
deepak-narayan-44412750,3
khursheed-ali,1
bibhuti-shankar-46450176,6
manchala-vani-135a8b27,6
vikash-kumar-a20743b8,3
suresh-sivaraj-9030221a,6
sumit-singh-36b7a697,4
aditya-singh-80655167,6
vinodkumar-pillai-3a5419b5,3
saurabh2000sinha,3
grvnagpal,4
jitender-singh-1385b2164,4
santhoshkumarnp,5
vivek-yadav-28661862,6
kapardhi-konakanchi-83939264,6
pankajgakhar,3
phaneendra-nath-yelugula-28981a46,6
chirodeep-das-01163519,1
bipin-parmar-8a269789,1
rahul-yadav-796555159,4
ajit-arora-99895a41,6
lokesh-jaladi-778ab1179,6
anand-dsouza,3
vikas-grandhi-754a4162,6
rahul-sharma-5807b416,1
venkatasubbaiah-varada-ba8950195,3
amit-sing-86727a18b,1
sathish-shanmugam-99174535,5
abdul-moiz-19130060,6
rahul-mahajan-2299a5152,3
monish-das,5
vpratyush,4
saptagiri-r-b91681176,5
sridhar-natarajan-74320254,6
rahul-prabhulingaswamy-11244129,6
bhuwanesh-shringi-034746a9,3
sainath-pawar-44341627,6
jayparikh111,2
ramprakash-subramaniyan-5a80b969,4
mangesh-kashid-pmp%C2%AE-64171572,6
premchand-singh-4871a635,6
ankit-rastogi-10023325,6
kumarravikant,4
ajay-panicker-39883289,1
balasbrahmanyabelursrinivas,3
umesc,5
ajay-b-79b1b682,4
shubham-singh-bisen-96a7948a,3
anup-shukla-2b0b8445,2
anupam-debnath-1750b316,3
siva-sathy-992ba360,6
bhagyarajpillai,4
kundan-kumar-94010a31,2
johnsonjoney,6
chintan-gala-7371741aa,5
dhiresh-mundada-708b9a147,4
ramasamy-kuppusamy-548aa0244,6
shiv-suraj-guruville-2487ba135,3
zohebsh,6
nagendra-velaga-lock-rajan-337398b9,6
jayakumar-t,6
selvin-chandrakanth-chandrasekaran-7752a8131,6
daniel-burge-3977238b,1
vivek-sheth-b5196463,4
shang-reiwon-820b1094,1
ankit-chauhan-311b412b,5
debjyoti-das-476a6a2b,2
manibharathi-ravi-b52a853b,1
rajasekhar-reddy-bommepalli-329937105,6
shaik-najeeb,6
samrendra-pratap-singh-20570761,6
umang-mital-a9009571,1
amit-deshmane-0464a385,1
surendra-gupta-73443322,6
adarsh-gochhayat-6bb67b61,6
ashish-dhyani-90407415b,6
saikat-das-4b71b793,3
rosly-lyngdoh-93935bb9,1
bharathmali,3
amit-keshari-aa3710212,6
virat-choudhary-01b13939,6
rajat-sharma-1995a019,4
welcome2mohammed,6
helwin,6
parimal-jana-9b8648140,3
sauravjain84,3
naveenvs,1
alluri-venkatesh-1007641a7,3
neeraj-kumar-sahani-02572254,3
sivanarayanan-a-287491169,6
sridhar-mohan-90761354,3
adarsh-vg-8a79b515,6
punithkothari,3
vyman-hm-243b4b58,5
ruchin-kukreja-5b200361,1
shiva-malhotra-315a5ba3,6
pravin-shinge-10b44924,3
sanjay-patidar21,6
sriharsha-pillarisetty,5
tushar-srivastava-0a830323,6
darshan-hs-91424a74,2
rabindra-jha-1a04b238,3
gurjindersingh26,3
sudipto-banerjee-8020a162,2
harshal-trivedi-7a4598a2,5
himanshu-samantaray-01bb0276,6
parthiban-s-77045946,6
sathya-murugesan-0823,4
ashishverma786,6
gopi-guttula-12973049,4
sukesh-gowda-92035a5b,6
intayuva,4
roshan-pawar-72552a46,6
sachin-deo-prasad,6
kailas-pattewar-99335118,6
naveen-sharma-20ab6838,6
naresh-s-99978186,6
anil-sharma-77b25848,6
kumar-ankit-ab9547105,6
sreenath-reddy-374b67188,1
sudheer-seepana-b43952116,6
manish-kumar-b28456a0,3
prabhu-ponnusamy-ab705816,3
karthik-janakiraman-72193a14,6
sinjo-mathew-b60a30121,4
david-santhiyagu-39a3952b,6
bharat-chowdhery-71705416,1
prakashh-arumugam,6
vikas-orekondy-552670236,5
praveen-kumar-a0041487,3
kapil-verma-86563836,2
gulammustafa148,6
prakash-thangaraj-797b57126,6
gaurav-nigam-6b8ba88,6
ravi-chandra-sekhar-sarika-922683a3,6
shabbir-mohammed-5a047941,5
vivekananda-reddy-chittamuru-6b769053,5
amit-agrawal-aa77b244,6
abhishek-shukla-5a7275168,1
vinoth0109,6
raghuveer-shenoy-84b9201a,1
kiran-kumar-aravelli-b73133b0,2
vinu-krishnan-3859a360,1
sanjay-agrawal-94b7ab2a,3
ajinkya-deolekar-1797a623,3
yeswanth-sirimavilla-32b19b34,5
chandresh-verma-b3b9baa9,1
shreeyashpohekar,5
gaurav-kalyankar-a4589459,3
dhanaraj-r-40883119,3
anand-patel-2b988547,6
saiprem-k-972117121,5
nishanthlawrence,5
jayakumarwebdev,3
alaudeen-nisar-ali-466a41169,4
amit-kumar-558891193,1
joel-j-428b8657,6
shubham-agarwal-08ba4210,1
sumit-masurkar-17473021,6
pravin-misal-9b1813b0,4
avijit-saha-2b277279,1
vignesh-shanmugam-01a7451b,3
amit-kumar-0a504763,3
rohit-bhiogade-1b392836,1
siva-ganesh-atmakuri-903a4b2b,4
satish-kumar-714612211,6
sandeep-r-7576071b7,2
saurabh-agrahari-69834813,3
avinash-cheruvu-40022bb8,6
ravikiran-missula-57102b235,6
dinesh-nathani-33431b74,2
fajas-fasalullah-7a076216b,3
ananda-rao-tammineni-95910970,3
rajesh-kumar-nallabanda-a016a660,3
sandeep-sirohi-99ab5b15,3
nirmal-kumar-pati-753812b2,6
balaji-kambampati-8265609b,3
saravana-kumar-90a07624a,3
gurprit-singh-48a710103,6
amit-wadhwani-09673718a,3
naresh-kumar-92a65823,4
sambit-kumar-b4184842,6
awais-khwaja-1abb1618,6
amandeep-singh-35017b25,4
santosh-shingare-03160aa0,1
rohan-tawade-66bb011a1,6
praveen-reddy-thota-57587961,1
anurag-tripathi-20890,6
raja-chellam-a0745639,4
nandha-kumar-raju-33a41915,4
somaiah-c-d-9b686028,6
rajesh-kumar-jyotish-09076157,6
vijayshankar-kumaraguruparan-6306b473,6
robindey11,4
manoj-jena-4284bba5,4
rahat-gupta-7bb620184,5
saiyerragudi,6
tariq-anwar-b19a033a,6
abhisekh-paul-54a5b350,5
raguraman-gnanavadivel-154a578a,6
sunil-korukundu-06606276,4
sachin-joshi-5131a41b6,3
sudhir-babu-dayam-507038b5,6
satish-kumar-9123871b,6
rohit-saini-1b347654,6
amit-patil-474b9159,4
aksinghai,2
asish-m-42b26224,3
jayesh-pawar-b278646b,2
sandip-roy-327a5119,6
divakar87,5
iqbal-khan-33022116b,6
sagar-wankhede-4abb8672,6
avinash-vajrala-4abb16129,4
amit-bansal-0526914a,6
ramachandran-sivanam-muthumalla,3
manjunathan-rajan-8469a686,5
umesh-kumar-366a9335,6
avinash-kotni-06107953,3
kailasamr,6
madhukumar-g-m-49a510169,6
aravinth-bragadeesan-94a37615b,4
manikandan-palanivel-6a874786,5
mahendra-patole-601a9a152,3
mayur-narkhede-93117b33,5
vivek-kumar-22670576,2
logesh-p-4726a458,3
prateek-varshney-88275957,6
sangeethkumarp,2
anmol-prakash-03b3a262,1
shashank-sharda-b477971a,6
arunkumaryadav07,4
karthikeyan-boopathy-bb817274,3
swanand-joshi-29863957,6
suresh-neeli-711908171,6
amitesh-sharma-12924ba,6
rama-sudhakar-655a5150,4
amitava-kundu-70229373,1
venkata-subbarao-dulla-b592051a4,3
bakul-vohra-15b96046,3
exactabhishek,4
rohit-bhanot-89782a100,3
sanjay-s-devan-776130120,1
rakesh-khanna-0b029533,5
satya-kishore-87b81bb9,6
sriram-kumar-g-v-60947445,5
bivasranjan-pradhan-2872a23b,3
prashant-singh-ba516435,4
shamik-ghosh-539a2221,3
srikanth-gc-14b74344,1
parminder-kaur-5b9a1b96,1
shabarish-somisetty-1314178,6
vijaysingh20,3
arun-prathab-61506b24,6
shreyas-narasimhan,6
ashok-bhat-29a912118,6
nikhil-shrivastava-994b0816,6
malaysanghi,6
manoj-prabakar-7746011b,4
amit-srivastava-22ba20129,3
siddharth-haran-814b684a,3
ravikumar-chenna-0190b5104,6
manish-khobragade-653a714b,6
naveen-chandra-50587136,5
vignesh-kumar-k-b06b6a94,4
sathyanandj,6
ramandeep-singh-7a733b39,6
gajanan-korde,6
suhail-ahmad-3971a93b,6
prakash-chandrasekaran-11b5782a,5
ishank-dixit-76b430a2,3
gokul-vs-07108352,2
ankit-malviya-46828346,3
pravin-pandit-74592738,6
karthik--jk,3
dibya-roshan-01361519,4
samir-a9bb2a31,1
shiva-kumar-19218b230,6
neetesh-kriplani-83581247,5
raj-srivastava-b35b1317b,6
pawan-kumar-35585392,3
karthikeyan-narayanan-0b87861a2,6
shreyas-ashtaputre-a70286a8,5
nagendra-baliga-314a564a,6
abhinav-dwivedi-05b56815,6
kaleem-ahmed-76295b15,2
mothilal-guptha-b-7b785b122,6
bhaskar-bhagawati-ab863894,4
bharat-navali-24476842,3
josebobby,6
venkatesh-pothurajula-79614569,6
avishek-mukhopadhyay-a17a86148,1
mayank-sharma-scala-spark-dev,6
arunkumar-raja-89a975a,3
arunkumar-k-s,6
thiyagarajan-a-k-a7019765,2
pruthvi-s-a9739421,4
rajan-sardana-502869114,3
rupam-majumder-bbb2b421,3
sudheer-p-m-a4585118,4
kunal-n-437844a9,3
narendra-singh-18b02062,6
javed-vj-91124845,3
debabrata-maiti-4247147b,3
jai-mishra-8a866241,5
vijayasankar-swaminathan-83302126,3
bala-chander-0b646348,1
sam-durham-9b310a49,1
manishsen195,4
prashant-bhardwaj-3a11889,6
abhinandan-chaubey-21657a70,5
mukesh-kumar-48b657248,4
naval-kishor-joshi-02850518b,4
mohit-dubey-00580b17,4
abhiramr5459,5
deenadhayalan-natarajan,3
ankit-maloo-243674112,6
manish-biyani-b1b02322,4
jitendra-singh-6502a543,4
abhijeet-yadav-9598066a,6
vinay-prasad-07728067,3
awanish-singh-52677368,6
aditya-varshney-8b779b69,1
md-tousif-ahmed-k-a5a10360,4
karthik-ramesh-77700a5b,1
mervin-fernandes-0ab46b7a,4
simanta-bhattacharya-62835215b,3
anirban-debnath-15290831,3
venu-n-h-8324b92a,4
petchi-ganesan-10218183,6
rahul-chandra-19a22643,6
dhamodaran-selvan-023a7aa5,6
vinod-bokare-01209370,4
vamshi-krishna-polluri-7397941a4,6
deepak-gill-88362255,4
saroj-das-3137394a,6
aniket-ramgiri-7679a72b,6
selvaraj-murugesan-902b49107,4
tejas-b-v-18912b29,6
ishank-shah,6
arun-krishna-56059742,3
arnab-das-a08168170,3
abhigokhale,6
dale-mcguire-798061138,1
bidyutjyoti-borah-8595b453,6
ramesh-reddy-n-43281656,6
jeevan-kumar-francis-092798197,3
krishna-potdar-2113b284,3
sivasankar-chimmani-bb3b2512a,6
daram-chandrashekar-b68865172,5
saneesh-shaji-a04aa059,6
senthilnathan-ramachandran-a846924a,6
meharaj-begam-16417aa1,6
prashant-bharti-77130a22,5
srinath-krishnamurthy-ab26851a,6
anbusubr,6
ganga-dhar-ba20702a,6
voggu-ramakrishna-59a1943b,1
arpit-garg-3474a935,6
ankur1988,6
vinod-thorat-b04a5a128,3
naveen-chandar-bm,6
rupesh-srivastava-71737550,5
ramesh-martha-72b5baa2,5
murugavel-r-95436a200,6
manikantha-moningi-2158b645,5
venkatraokandula,5
vignesh-chandran-91582541,4
arvindkrgupta,2
rajan-kamal-86427030,6
vinay-prasad-h-n-80841553,1
sriharibabu-ch-0645b8110,4
sagar-n-k-6abb51144,6
ankit-gaurav-sinha,6
kiran-mohanty-9741a1182,6
sumit-sharma-483710168,6
vijay-kumarr-vishwakarma-a19087a9,6
ramakrishnan-ayyasamy-27279b7a,6
sharan-mra,1
narendra-meena-059308161,1
anurag-gupta-36733359,5
alok-bajpai,3
raghavendrarp,6
sundar-sivaraman,6
arvind-bhartari-86235624,6
cheriyan-zacharia-21a83857,6
pramodgaikwad,6
wasim-sheikh-84071957,6
umeshdash1988,3
rameshkumar-kanagaraj,6
arun-chandran-088b567b,4
swapnil-patil-b6279028,3
raja-a-l-a121742a,4
nagarjuna-chimakurthi,2
firdausmansuri,6
harishhulikal,6
anishmuniyara,2
kiran-patel-93442152,3
avinashkandimalla,4
mohan-chowdavarapu,3
saptarshi-sinha-b65b5045,6
susheel-kumar-1707bb36,3
dinesh-batla-6723664,6
celso-manju-55514854,4
prafull-b-3b52182a,6
tanmaybansal,6
karthickumarrajamani,3
gs131016,4
benedict-johnson-53946816,2
prashanth-kosuru-313066108,2
amandeep-kaur-35088525,5
daman-varshney-16117566,6
mohammed-arif-92aa72b3,5
sunil-m-patil,3
parthiborn2win,6
mohammad-ali-9744493a,6
sachin-singh-50b66780,3
vineet-gupta-97881162,6
ravi-kumar-683546188,6
vinod-kumar-singh-69525149,6
tejendra-putti-6b60448a,4
abhishek-agrawal03,6
boopathi-jothi-a4238b2a,5
mohsin-devale-4819883a,3
somasekhar-k-34a7b160,6
vaishakh-krishnan-44991123,2
shanmuka-shashank-balusa-93a043ba,3
parthiban-v,3
kautukpandey,6
aviral-awasthi,5
ritesh-padhi-973a1127,3
suman-sahu-7a8146134,3
mukesh-m-t-233b01165,6
rohit-gupta-8261b727,4
niladri-pal-513175a9,4
veer-bahadur-singh-06a39916,1
krishna-kumar-palchamy-a1039a11b,6
naga-suresh-repalli-00946b74,6
ishank-shah-6a97a142,6
george-thomas-5880219a,3
gopal-thakur-b7b982b8,6
vikashachary,3
rathish-radhakrishnan-65b65617,4
sanjay-rai-5294b1121,3
gokavarapu-soumya-1260a110,6
harsh-raj-827b23142,3
arun-v-ananthanaryan-4bb5b7b0,4
amolbidrolkar,4
ajit-girish-43b8b57,3
lokeshwar-reddy-b-94838243,5
syamprasadreddybattula,4
rakesh-das-00366a13,5
nixon-raphy-07790266,6
vijayabaskar-srinivasan,4
ramakrishnagollapelli,3
jeyaraj-jayapal-4004b1124,1
hitesh-sharma-5957a3101,2
varungulshan,1
siddharth-pradhan-31064855,4
harsh-jain-27868753,6
mohan-vayya,5
aslam-muhammed-ab330651,6
vikash-giri-06a38216a,6
suresh-buragapalli,3
souvik-sur-5956a049,1
kushal-mittal-24592241,2
umang-akash-77113815,2
silambarasan-muniyan-57733539,6
kautilya-sharma-89737684,1
girish-k-93068a36,6
kumaran-palani-64151756,6
prakhar-gupta-b6b5a955,1
amrut-kamble,6
chinmaylokesh,1
arnab-chakraborty-16632136,2
ramesh-neelam-1292391b,1
sri30,4
vishal-thapa-26680919,6
regan-felix-l,6
swetha-n-95154343,3
juhi-agrawal-a9435579,5
vijaya-krishna-dandanayakula-20095146,2
sangeetagrover,2
pratima-gupta-0369131a,6
shyamala-anand-a7546821a,6
kanika-sachdeva-6ba29057,3
nusrat-shaikh-41995756,5
samruddhi-mohanty-61105b52,3
archana-ravi-809a8944,4
lipsa-rout-2b048563,3
richa-kanojia-88283855,3
anusha-ponnam-a9494038,4
himani-pandey,1
chandam-kukuchand-6191a15a,6
garima-gandhi-7a8784b2,1
mayuri-shrivastava-2b44b562,4
jyoti-tiwari-3b0a45151,4
jyoti-minhas-41a1ba60,6
preetha-bhattacharjee-04b6522a,1
manasi-madhuchhanda-07554825,3
neha-pandey-a6a258168,6
priyanka-zutshi-546a1818,3
amita-shivhare-73219046,6
neetu-sharma-2a70237a,5
dipikatyagi,4
divya-gupta-409073103,4
namita-gupta-34443833,3
ashwini-bhavasar-7180b063,6
udayasree-gorantla-1b737215,1
neeta-hosalli-73224618,3
madhuri-ms-072244,5
neenu-ann-dominic-9953a192,4
priyankarameshbabu,6
richa-mohadkar-50197111,6
debashree-gorai-682b5924,3
shruthi-murthy-2488831a,3
prajna-murthy-7292325b,6
radhika-gupta-3502831b,6
reshma-srivastava-13284614b,3
simosh-skariah-101357a,3
kumari-rajani-9ba8927b,3
amruthab,3
mohana-sivagnanam-1953445b,1
komala-r-252a4a2a,1
pushkala-venkateswaran-iim-jammu-alumna-392824249,3
neha-sharma-9240785a,6
shilpa-s-23ba65103,6
bhavana-srungavarapu-b8732922,3
prathima-goud-gattu-ba78b352,1
shruthi-lingaraj-b7141645,5
kiranmai-kosana-venkata-90844334,6
reema-tarwade-00735459,3
bhuvaneshwari-siva-8a952577,6
rajni-pathania-34b4ab1b,6
nisha-kumari-744a9a8b,2
sandhya-padarthi-85739491,4
nasreen-banu-abdul-wahab-03933b4b,5
prathibha-jr-74959230,2
developtech,1
nitya-dipankar-a11306113,6
aarthika-rajen-ba3ba878,1
solankiruchi,6
shradha-sandilya-95b28376,4
gmohanakrishna,1
aswathy-bj-b5214111a,2
vikalpa-landge-03750397,6
nikita-deshmukh-98413139,3
khushboo-verandani88,6
neha-aggarwal-217261261,5
bhavana-sreeravindra-40005b15a,6
jenifer-sylvester-140791,6
shikha-saparia-27967956,6
greeshma-vidyadharan-31b10251,6
swati-sinha-8a63b71a,5
chaitra-nagaraj-16a58870,1
manali-khandelwal-4114691bb,6
vijaya-baskaran-krishnamurthi-a8698722,5
dahlia-saha,6
madhuri-gupta-4871913b,6
shreedevi-v-23039590,1
ramya-saminathan-0088481b,4
neethuunnikrishnan,6
subhasri-j-71108213,3
blessy-mathew-473a72153,3
priyanka-pingle-garg-ab491616a,5
munmun-rastogi-801a7081,2
yogita-jain-80aa1330,4
shruti-arora-97260a112,6
dahlia-saha-04a671bb,6
richa-sachdeva-0a57a268,4
sandra-boska-32ba88124,3
ramya-b-0b619733,3
sangeeta-b-c-563b50a,3
rajani-satti-479b9a56,3
veda-prasad-jay-kumar-b5283b37,6
priyanka-sangle-2abb2a49,2
jayati-arora-2442b096,1
pallavi-jain-85a3866b,1
veena-p-s-a23325237,5
kadambari-chavan-9153349a,3
richa-gupta-45312818,3
rupali-mamdi-chevle-68b729175,4
parul-singhal-87314828,2
jhansi-chandan-3a02b524,1
priyanka-jagadeesh-97604a82,4
madhuri-dhawan-8ba7a0273,6
grishma-shah-b8008285,5
madhuriadidam,6
isha-gupta-51334717a,3
deeptighanti,6
parnika-s-559a94220,6
anitha-r-a1617766,1
ameena-khuteja-71299750,3
presious-konnully-a75b8518,4
priti-gupta-6949b3aa,3
nikitha-c-494943232,3
megha-prasad-09a66a5b,5
ashwini-k-74691b26,3
pranavee-kesari-18686087,3
anu-mathew-a25b1961,6
smita-srivastava-2a393b17,1
roshni-ramnani-877094bb,6
kristin-m-keys-0996a982,6
rashmi-mehta,4
princi-jain-3416a813a,3
amiya-patra-03394b119,1
aswathy-tv-9bb43250,6
radhika-gupta-43a270170,6
anu-raghavan-2066025,2
sukeerthi-shaga-54a38557,2
bharathi-pandian-152b97256,6
susmitha-p-66486028,5
devna-verma-b4108590,3
grace-k-sebastian-64850170,4
soma-shekhara-kattikar-96996153,5
anusha-prakash-463159a3,6
keerthi-k-56293073,6
jesmy-joseph-a9027195,6
akhila-poleypally-388651119,1
sriparna-das-97332533,3
bhuvana-j-10a1201ba,5
ritu-prajapati-04369b45,1
sucheta-basu-5478b932,6
akanksha-jain-b323b462,5
vinitta-shobana-c-4684a292,3
sonal-dhingra-370a1354,5
latha-alaguvelu-76a14323,1
nandini-muralidhar-62b715a8,3
ditya-varandani-4430a5b5,6
priya-hiremath-8019653b,3
karuna-vadakepat-9011a917,4
amreen-n-362420148,3
pallavi-dash-a104aaa3,4
gayathri-krishnamoorthy-1b349146,6
sri-harsha-pati-a7135b4a,6
divya-patidar-98615366,5
sneha-sharma-almi-pspo-i-9836a923,5
sugandha-chaudhary-0525b2138,3
sapna-rajan-201990,5
soni-kumari-shahi-01469968,3
ravneetsingh89,1
monica-rawat-aa2b6194,1
deepika-gupta-b1660327,1
swathi-tulluri,6
anupama-sinha-05227854,3
swati-gupta-01a73134,4
swagatika-mohapatra-310636140,3
ashwini-e-0817aa4b,4
roshni-ramnani,1
namrata-dev-3bb05538,4
sydney-dsouza-32b30970,3
neeta-hosalli-a8290074,4
mamta-prasad-bb853720,6
kavya-mavatur-579a21121,1
viji-suganya-72067960,6
sarvari-tadimalla-b1073865,6
sri-ram-s-963b9681,3
aabha-joshi-1b610783,3
aishwarya-srinivasan-3938a616,6
kashifa-hafeez-42b61022,6
vishali-dhivya-aa7b9633,6
prathyusha-vallabhajyosyula-11336b76,3
bhagya-sita-a1061017,5
shruti-sonawane-98b5a2184,3
monika-jaiswal-12b302210,6
rajashree-c-746723154,3
bhavna-tamrakar-1a138a145,1
manjula-allam-a1291a72,1
vijiconnect,6
najma-khanam-katlagal-74888523a,3
sujatha-chittiri-627bb5168,4
tizy-ninan-90289387,4
amrita-bhatt-5126694a,6
mohammad-haque-8bb9846b,2
hardik-patel-6a280210b,2
maxwangry,2
christianlebiere,1
jeff-pasternack-753699113,1
dezhi-hou-b01b6919,2
ron-jewell-58864274,1
jesse-glass-8a6096112,1
michael-lehmann-54741b19,2
patrick-stover-04417a96,2
yliu26,1
daniel-essex-935bb6125,6
jayanta-paul,6
e-bb3a751a6,6
geoffrey-schmidt-a0810b54,6
mohsen-eftekhari-1b6b4b15,1
brian-huffman-305b66229,1
robstrenn,6
parvindertomar,4
ernest-williams-20567587,1
miguel-arellano-nieves-53058540,6
abhishek-jain-54a96b41,1
qifan-wang-1641831a,1
jordan-koszarek-3961296a,6
shane-transue-54132134,1
cencross,6
sinistar,3
shijun-wu-54108a91,2
matt-forbes-7772b646,2
rajesh-rajput-a0a554264,6
wayne-bray-a7190316,1
jasonrydberg,2
marvin-washington-82371946,2
praveen-nair-425a8415,6
michele-hunter-2018,3
matthew-le-8a0175116,1
jondbridges,2
dennyac,3
trent-nelson-76b49310,1
bryancnguyen,6
sung-jin-hwang-58671556,1
keith-bartolotta-21810280,2
tyler-hurley-26047745,6
anthony-king-56467560,3
gene-lee-18048b57,2
bode-azeez-b37210268,1
mohammadreza-ghodsi-38455952,1
kevin-li-870b229,6
chris-bryant-22b2839,6
gpuerto,1
santanugiri,3
clintburgos,2
jay-h-mistry-8a262412b,3
piyush-sao-594a9a9b,1
prashant-pundir-44152ab4,5
surajit-das-d,6
sakthivelarunachalam,6
sumit-gulwani,1
gurkirat-pandher-8355681b,5
ohafeez,4
wayne-kuo-74469827,6
raj-shah-08a65857,2
michal-grzadkowski-1b9676201,1
zeljkovicmihajlo,2
yuxuan-shawn-zhang-8252b960,2
alex-vertlieb-85562930,2
jacobmpeck,6
sai-k-hadoop97,5
karthik-vemula-0954101a,2
gaurav-gangal-8884452a,3
feiye0,1
john-braisted-61b27143,1
hongtao-yu-4b956224,2
marcus-arrington-865986a7,6
raghav-d-282ab1125,6
patrickjlogan,1
skhati,6
hareesh-kumar-kesa,6
ken-samuel-78b9936b,1
jie-zheng-27749b18,1
yu-liu-extrainfo,1
nsehgal23,2
richard-xie-55073427,2
josh-tims-660b7030,6
sanmin,2
bryangwilliam,3
quang-ong-a98b854,6
rahulpinjani,6
yves-thibaudeau-33456917,1
amitsachu,3
althaf1265,3
abhi-parajuli-29a9445,2
steven-trac-6645535,1
rehan-faiz-1626453b,3
amogh-tolay,2
amir-stone-45789310,1
edward-parlette-60558985,1
kkarumuri,3
gbenincasa,2
jarrett-weatherspoon-01709722,1
jong-park-15a6698,1
morgan-bishop-13a9b1a8,1
vipul-kakkad,2
wsbridges,6
joshua-hughes-2008ab2a,1
rohanmadtha,2
robert-yenser-15024527,6
isaac-roger-02b05596,3
dfollett,1
jorge-munoz-86663a4b,2
vicente-caldas-mba-10066b7a,3
steven-link-1b66813b,6
shen-ada-tang-5b70461a,1
jermaine-wanyou-05234614,1
tianyun-ling-a8286553,2
donnie-campbell-7b298459,1
kiran-reddy-mareddy-aaa59a164,6
adrian-buenavista-2569b595,4
brian-kimmig-b1b4a8107,1
feideng1,2
brandon-gozick-a3405142,1
bharath-gowda-3b96a05,4
prasanth-mvr-639129a4,3
weiqi-luo,1
evan-jolley-9b488613b,4
jidong-wang-4a81914,1
dialalpha,2
debashis-ganguly-14038832,1
abelcastilla,2
ronak-kadakia-4223704a,5
bo-wu-a500b0b9,1
alex-hadjinicolaou,1
natarajan-sathiyanarayanan-4055391b5,4
shekhar-iyer-32406b53,6
david-luna,1
zawtun,3
regis-ngaboyisonga-47853989,1
shengjie-wang-12a20425,1
eunchanglee,2
bvandermoon,2
hoangminh-minh-hodac-35459bb2,1
clayton-turner,1
sourabhshrivas,6
mohammad-jahanian-36213775,1
john-nowak,6
rezasafi,1
suryakiru,1
taeksoo-jang-7154557,1
jizheng-xu-54921823,1
oleg-beleaev-a33904a1,6
abhinavguptaa,6
michael-garozzo-7231656,6
mike-mai-31213b4,1
cameron-hilton-developer,6
dinh-hang-37256469,1
sujanmarella,6
nikhil-modi-4a78ab64,3
yu-lin-655aa783,1
chuck-babbage-b538b670,1
eric-nelson-525ab96a,1
marc-paulhamus-01171aa3,1
joaquin-reyna,6
kamalkandukuri,4
patrick-huh-92939116,6
alex-bigelow-65145259,1
aaron-prindle-b43a7218,2
sagisarath,6
brandon-schow-341aa012b,1
mason-hassen-b39526b3,1
jeffrey-chen-40822b8,3
michaelseatonmscs,1
yoandy-hernandez-diaz-07a492113,2
devin-connell,1
bryan-schardt-18a43496,2
steve-mills-77a74b44,1
enrique-a-pena,1
andrewmelis,2
dan-crosscup-918b2b16,1
weijia-xu-87697375,1
vinodtn,6
praveen-kumar-nallabati-000025b5,2
manoj-aggarwal-49b82039,2
Clingsz,1
jeff-lodge-b74b351b,4
jingen-liu-076b1513,1
viet-cuong-phung-9b3476109,6
brent-gregersen-26761398,1
matthew-blanchard-3607936b,6
jeffreykrystek,1
yongmin-chung-074581b5,1
venupuram,6
han-lu,1
stephen-strohmeier-336712177,6
sean-reber-023aa166,1
satyanarayana-chivukula-76a02956,6
yu-meng-76722428,1
jonathan-liu-53585396,2
anurodh-joshi-b036456b,2
mike-mckinney-7aa91285,1
joseph-conlin-6a691a51,3
mohammed-aamir-193b90260,5
stephen-im-b710a62b,1
xiao-bai-6355197,1
kevinmilner,1
mark-driver-7139bb62,1
steveclewell,2
jaredgoldie,3
steven-c-marcus,1
mark-almeida-5568222b,1
naveen-reddy-alka-01861817,4
keithmorea,2
brunohecktheuer,2
yan-wang-14b07667,1
yuh-shin-ong-b6a6439,6
niko-lagana-42a639123,4
hosub-lee-ph-d-8197b948,1
pvasudev,2
christopher-maddox-8b106860,1
gleary,1
sumanth-reddy-b99b2b24a,5
robert-louden-b33a318,1
hua-zhu-2338aa70,2
xinsheng-chang,2
russell-louks-368a7791,6
wei-zheng-ab54aa39,1
brendan-roof-012ab327,2
george-kourebes-5a835255,1
jase-day-569089229,6
rakesh-marella-a4a27220a,6
joerafalak,2
stevenge,2
samfried,1
pperes123,6
vincent-incarvite,1
venkat-krishnan-s-69815217,6
sathish-ramasamy-299b858,6
chuanqiu,2
david-bass-81062b133,1
jasonholdridge,1
kevin-ziegler-b5022912,2
paultuhin,1
nickolas-glickenhouse-5987075b,2
aditya-manjrekar-64092543,6
douglascturner,1
rajaram-ramanathan-18b4156b,6
jack-teng-86389467,6
guangyu-yang-0b3a7845,1
marcus-daniel-530b079a,1
anujsampath,2
jasonstaccio,1
donn-mielcarek-688b0968,1
contact-sampath-on-linkedin,6
dbahinipati,6
xuming-zhu-9a2b1745,2
richard-stucka-09754472,1
ahmedhussainsyed,6
chad-jarreau-735000225,2
shubhamgupta1104,5
matt-demoss-05651591,1
christopher-hall-a6a49010,2
clive-xiong-5b773214,1
nicholas-davis-67358449,1
aravindkrishnagiri,4
pranav-chandra-576a12112,2
christopher-tserng-06b19561,1
yuanfei-bi-6b59bb37,1
jagan-mohan-reddy-ambati-1565a933,3
michael-gilson-a74b91132,3
yvesazzam,2
aleksey-klimochkin-29b90979,3
chris-lipe-360ba71b6,1
christopher-knapp-22379156,1
glhassler,1
ben-pokines-a0544436,1
mohammed-aarif-456437b9,6
ha%c5%9fim-sak-670b997,1
josh-fields-651b2662,3
eric-choy-48344651,2
adam-steffen-61b20734,2
gopalakrishnannambirajan,5
dave-bowser-005ba619,1
brendan-reilly-025a2687,1
raghu-gayam-629ba2191,5
amogh-tolay-29406480,2
ruijie-fu-4089a720,2
yifei-wang-atl,1
vikramsuriyanarayanan,6
siddhesh-n-kulkarni,6
sangysantharam,4
david-hardy-236756139,1
bboddireddy,2
deepak-k-96644b37,6
dbharathkumar,6
jeremy-wang-2b767353,6
hai-huang-ba394758,1
adil-khurram-52552420,1
jarrell-nelson-01b73b119,1
william-kimball-186545250,1
edward-safford-69128b72,1
yaheya-khan-ty-004946264,5
joshua-huth-623313149,6
todd-engle-35123216,6
ay701,6
sainimanik,6
karachurin,6
dasgupta,2
fei-deng-9793695b,2
brent-gregersen,1
gibel-gaye-gcia-gcih-gwapt-a1269156,3
justnisar,3
yalin-liu-a5a20369,1
johnathan-ammons-37764866,1
jeffrey-krystek-b1865887,1
vipul-kakkad-73b98a87,2
randy-evans-sandiego,1
markioli,6
kyle-foerster-ab957615,1
zach-musgrave,2
keith-vallerio-1378155,1
yafuli,2
sai-sravan-kolukula-94192242,3
monaj-mondal,3
bdbhasin,2
hani-assiryani-a7a0401b,4
dustin-morley-84b80614b,1
wzhou,3
weitao-dong-30a105a3,6
charlie-cao-85b1a024,3
steve-kline-26108443,1
naveenteja-paidimarri-47684671,6
gopinath-mathiazagan-849a595a,6
kyle-thomas-28489366,4
pavan-vasireddy-1860ab4a,4
swapnil-s-chauhan-968481180,6
jason-damron-14706274,6
andrew-kuhn-a77314b,4
xiaolei-chen-69103061,1
darrin-santay-52502a97,1
stephanfwhite,6
ajitesh-srivastava-6b34a68b,1
ericguzman49,6
bradley-urwiller-0675a220b,1
yun-yu-chen-50659871,2
Mark-amundson-b10921a0,3
ajayis,6
terry-sanders-71307b4,6
naresh-pinnamaneni-02420646,2
samuel-robinson-1487b75a,1
flippidippi,6
chris-erickson-sf,2
visar-restelica-75a131100,3
bryan-coleman-879b6a61,4
christopher-hendrickson-b5489737,1
brian-kimmig,1
yousef-morcos-18073432,3
andrew-haggard-a70089218,1
ryan-zavislak-a8a1a51b,1
conrad-weykamp-5761024a,5
steven-zhang-22a34457,2
siddhartha-das-116b576,6
padman-balasubramanian-6461ba10,6
ryan-marschall-178495a4,1
nitheeshkl,6
constadinos-lales-5a752883,2
sagar-nayak-9b1240180,6
sunil-kancharlapalli-47b655118,6
robnyariko,6
nickmallard,1
nicholas-jacek-08b35b90,1
christopher-thornton-9938966b,3
sujit-kuthirummal-22b48019b,2
steven-nichols,2
wei-wang-3291aa57,2
richard-l-samuels,2
dmitry-kalyadin-7153b9143,3
aaron-tami-68428757,2
dustin-peabody-618a367b,1
ananth-kaushik-23146641,1
he-jennifer-xiao-8334633b,4
hemanths90,2
donealsd,6
sanjib-banu,6
yasaswi-chamarthi-6595b416,2
dheerajuthaiah,4
antione-wilkerson-21a38690,3
saireddypeddinti,6
dipteshchatterjee,2
carlos-rafael-neninger-20564035,2
yalunhsu,2
chong-shen-b8931b119,1
vu-che-72619285,1
ronald-stogner-317242217,3
brian-panneton-8696a461,1
alasana-demba-53675628,4
justin-marwitz,6
manoj-elavalli,6
yiming-peter-huang,2
patrick-dermyer-285741a0,2
jungminyun,2
enlai-xu-b7146641,1
matthew-arnold-8488a772,1
laurent-y-njilla-phd-7145409,3
david-thompson-544a073a,3
kevin-kernin-094014154,1
azeem-ullah-495471166,6
brad-woosley-7abbb44a,1
adeeb-siddiqui-09a23ba1,2
po-ting-lai-88829b50,1
prathamesh-sancheti,2
tommy-ferguson-58497a47,2
steven-rose-658a99147,1
jared-is-working,1
drew-mitchell-1b313ba1,2
bryce-johnston-65365ba9,1
alex-bertels-21b8aa109,1
tktrungna,5
huibowang,1
yiming-zhu-3b94064b,1
david-cordner-4b55785,1
tamilarasan-ramaraj-40453a15,6
joseph-farrar-9b3a5429,1
scott-whitaker-a5a91b81,1
ben-james-7b38456a,1
erik-kline-4b9876b4,1
jixuengineer,2
tim-kremann-72828975,1
michael-hamman-22168b45,3
dhruv-mahajan-4397764,1
trevor-aparicio-9302493a,2
chun-hsien-wu-566507a,2
santiago-aviles,6
nishant-gaurav-54458a33,5
mark-alenco-550a461ab,4
sumanth-kanda-285240249,6
ryan-gadsby-40150225,2
gregory-livschitz-3910812a,6
jun-mo-kang-77701950,1
herman-de-haan-612923a0,2
elbagir-abdulmagid-046489b,6
marc-velasco-185a1931,1
jeff-wagner-2bb39189,6
mayur-n-008360171,5
bobgil,1
james-dullen-623ab94,6
raymundo-castro-59a71a117,6
joseph-beutler,6
xin-wang-scientist,1
brian-anderson-8940a458,1
hovhannessadoyan,2
philip-tianhua-chu-b79366b,1
wei-wei-a1a7285b,2
zheng-li-574a1431,2
alex-campbell-57ab74a7,6
juncheng-gu-93960859,1
ganeshan-jayaraman,2
david-podkowinski-367b96218,3
cheng-xiong-aa069710a,2
bhavin-vadodaria-057576aa,1
jeremy-kratzer-a13a214,1
kai-wang-07719582,1
yuxiang-jiang-68a7aa20,1
andrewcrowell,1
casey-shields-88022a15b,1
kirk-boone-96543723,6
rajamummidi,5
aditya-ganti-6080a324,6
mudassir-hassan-3a6b44248,6
costas-vrahimis-27a22b74,6
arunkumarjalanila,1
hung-duong-89029724,2
bill-kovachev-94b0b8161,3
yuantai-wu-288a235b,1
rileyqtaylor,2
alex-schwartzenburg-866b521bb,1
huazhu,2
rafael-lima-costa,2
stephen-schabel-8316b14,1
ty-stafford-61561646,1
enricocasini,2
geoffreylawler,2
gabriel-esparza-romero-0aa47695,4
blake-rouse,1
chris-scheibe-381b16215,1
bharath-yadav-932b564,3
pablo-galiasso-2b935a198,1
david-carrasco-09080647,3
mo-xu-60921638,2
satya-karthik-vallabhaneni-500409129,3
alex-goehring,3
sumit-gulwani-23aa0632,1
kwalit,3
dmitri-chmelev-30073495,2
todd-huff-57184952,3
peter-yeh-4a27164,1
hsidhu,6
venu-gopal-rao-sattenapalli-1407071a4,4
alex-barbag-08a54248,1
hua-cui-b2aa768b,5
weiwuzhu,2
john-call-4a77b99b,2
kai-pang-5a188a18a,1
justin-moberg-42899292,1
kevinjasker,2
cameron-mcmunn-coffran-86160091,1
ranganath-duggirala,2
kevin-pine-673a4681,5
abramsa,1
thomas-kasuba-b1b275231,1
panfengxue,1
raoul-van-prooijen-b30b135,5
robert-andrews-a020239b,1
ryan-johnston-a3587a55,1
ratneshkumar,1
darshan-suresh-74255641,6
pankajg,2
jstein103,2
greg-heckenberg-a027ba4a,2
ganeshan-jayaraman-a86b5654,2
wayne-wang-153b8b8,4
daniel-allen-85b1439,6
eric-marshall-52002969,1
joseph-milazzo-ab17a076,1
jacob-romero-ba65639,3
tim-hull-312a92121,2
jayanta-das-b905aa56,1
stephenholder,5
edward-pizzi-a564aa1b,2
pramodthallam,6
thomas-antalek-23bb5387,6
scott-danford-7920aa47,1
camilo-orozco,3
rui-dai-wrds,1
jason-johnson-a8b658222,1
vijendrakrishnamurthy,5
vivek-krishnan-37181790,3
vinil-beeravolu-2592a88b,6
jeff-gerhart-bb186712,1
austin-abrams-0778272a,1
nuruddin-bhuiyan-3b5740109,3
manjeetrsingh87,6
antonio-faustino-da-silva-41217ba0,6
rajesh-kulandaivelu-106416b4,4
peterruess,2
akshay1thakare,3
marios-pomonis,1
dominic-fuller-rowell-8684b11b8,1
michael-chao-905a7442,2
johnathan-carlmichael-016ab4194,6
normanpapernick,1
john-kessinger-893b4063,1
peng-liu-b3083352,6
ari-schulman-86a01158,3
faysal-khatri-4a5b1413,5
aniruddha-kulkarni-45705812,2
stephen-rogers-bbbb5675,1
nick-cipriano,6
mark-albers-92645521,1
alaalden-ibrahim-7b95346a,6
barnettchiu53,1
xiang-ren-6ba10570,6
stephan-christiansen-a8b281b,1
vh-duong,2
wacwac,6
chris-ropposch-408ab145,2
josue-perez-82394821,2
troy-wynn-18630283,2
kshitijsanghoi,2
terry-jones-5919a022,1
will-mcqueen-0855334,4
sampath-kumar-maturi-b8086317,6
sai-krishnan-3338b3226,5
jordanrojas,4
erikdev,2
scottproper99,1
xuetao-shi,1
david-skaar-15303a55,6
taizhi-zhang-9ba219a0,2
vivek-venkatraman-11a2a695,6
asim-musliar-akath,3
randy-evans-756a6b1a,1
danrozenberg,1
peter-gile-69982b159,1
jaswinder-singh-37b06196,6
jason-jacob-181aa455,3
akash-laddha-08700954,3
paul-taladay-656b9963,6
joel-krautkramer-6650b490,3
prathamesh-sancheti-02b5842a,2
frank-mongero-0454b353,3
chang-liu-b8a15118,1
hiren-patel-09467210,6
sabari-sankari-paramasivan-9554a325,3
shankarsastry,1
mohankumar23,6
victor-shah-73445228,1
chenyansun,2
matt-carson-096b5a5,1
aaron-stricklin-502a9274,2
bivasdas,2
motaharnaim,1
doug-courtney-3076411b7,1
ajay-gupta-60a07633,6
lovenish-garg-connect,3
vamsividala,2
gopichand-vemulapalli,6
vijayakumar-durai-91569017,5
peluo,2
zhizhai,1
sameer-shaik-8b659b8,6
chris-barnard-76ab5872,1
thongnguyen2410,2
mohit-sharma-62104530,6
phong-pham-0806536,2
matthew-froehlich-885b07111,6
pradeep-tummala,6
david-mendes-663b6b67,1
ki-tran-1342b474,1
suman-vara-437483145,2
eeshanshah,2
curtis-poole-33a63627,4
jonathan-stuckey-596477b,6
brucerexroadpmppmiacp,6
sabin-sebastian-43855830,5
hua-qin-3bb0b925,1
xyin00,1
larry-leventhal-a60a3938,6
jun-qiu-8100a0228,1
yiming-peter-huang-a393501,2
majacobs0,1
grantfujimoto,2
vishweshprabhu,3
nchitturi,6
chunhsienwu,2
ahmed-r-80717710,3
mkanan,1
vivek-oliparambil-shanmughan-6562921a,1
narasimhansrikrishna,6
kun-lung-wu-b7b18469,1
weihan-jiang-6219096b,5
matt-vollmer-275250111,2
zhiyu-joy-zong-735b4530,1
yashwanth-annapureddy-39034166,2
johntadlock,1
rohara,2
karim-shepherd-25a33424,3
michael-m-10abb066,6
ramkumarparanthaman,6
shailender-vishwanath-473585189,5
yaswanth-kalluru-96a561103,3
xinghao-zhou-81761478,1
chuck-woodraska-38091016,1
h-brendan-mcmahan-759b7081,1
chris-henzie-06470662,2
milesmykel,6
balanpillai,6
brentthiewes,6
shankartenugu,5
wei-zhou-2aab2571,5
1stayout9,6
sreekanth-ruthala-045b5b127,2
re2me,1
pernghwa,1
corey-rando-28547211,6
steve-balensiefer-49ba1610,1
chriskhalife,4
haojun-zhang-0663506a,1
ranganath-duggirala-48931219,2
nathan-villaescusa,5
kennon-bittick-40a97254,1
rpconroy,2
raj-singh-30357688,6
afroze-junaidi-mohammed-17a70161,6
john-norris-2420494,1
drew-fowler-a0205493,3
qiangfeng-peter-lau-62377021,1
yang-cao-9017ab48,2
atfergus,2
nikhil-nandaram-97386690,1
byronlbradley,1
xin-wang-5b756242,1
anirudh-kalluraya-b42b2415,2
dmonner,1
suguru-onda,1
jeff-luy-56aa695,6
amritbirsingh,6
franciscolanderas,2
justincwwu,1
nick-vernon-649576211,3
pohan-tseng,2
lakshminarayana-osuri-76600914,6
erik-walsh-354b3b33,3
sumanjandhyala,2
shoujing-li-91222166,2
mftu,1
sanjeeth-sambangi-38661030,3
chuck-may-258b0a13,1
ashim-mohanty-59b0987a,3
bob-link-94133090,1
andrew-smith-a9730519,2
anjaneyulu-m-38a4a7162,6
paul-misco-56237aa,1
amirsoofi,5
robert-morrow-a0430829,1
michael-maynord-b5686132,1
todd-anderson-0322a2b,1
donnieledoux,2
kevin-hobbs-b840218b,1
angelo-cavone-72326952,1
deepak-tarika-648987111,3
vikassharma172,6
vinil-beeravolu,6
ken-sam-aa86174b,3
jie-zheng-b527a8126,1
jie-jennifer-xiao-873a131a,2
wesley-gifford-68121b10a,1
genglirpi,2
amit-aphale-35624715,6
amrutmarathe,6
david-venne-0231566b,1
bobby-lockett-0005097,1
gianlibunao,1
john-messina-472ba631,1
vito-giovanni-castellana-59bb7391,1
adam-friedli-a948576,4
bhaumik-chokshi-1689b34,1
chet-tobrey-00736b68,2
michael-ross-80a02143,4
santosh-kumar-parsi-226556a0,6
wenzhao-wei-8ab53895,1
tuan-cameron-2b679276,6
matt-mcguirk-3828551b,6
mike-coulombe-03401214a,3
kailashjoshi83,3
eric-draper-jr-31235365,2
jeff-meadows-187573a,2
david-youd-8802b583,1
arun-teja-l-39241048,3
larry-gunter-649a26134,1
ranjith-sompalli-55665b1b,3
alex-kilgore-b564a947,2
dan-williams-5665217b,1
logan-rossignol-30086084,6
qi-mo-2286818,2
hanjun-xian-a7b18527,1
sureshgourishetty,4
deepak-senthilkumar-9088448,3
johnsmith84,5
brentseibert,2
bob-westland-92376151,1
ranjeetkumar1488,6
qifanwang,1
jeffrey-beckwith-514a03b7,6
seanogden,1
naresh-surapaneni-a5750589,6
adrian-n-reyes-ba642926,2
reza-manshouri-83315111b,1
jonathon-williams,2
ken-clark-55b017202,1
kenneth-capolongo-a709b8b,1
zuofeiw,2
jie-zhong-02095b19,1
hung-jen-jin-86b0a3129,4
ryan-gadsby,2
vifersoft,2
jorgenavas,1
jun-yin-a34b2025,2
rick-feehery-30530899,5
xingyezhang,1
sharmavipin1986,3
steve-koepnick-5216ba12,1
craig-theriot-21a23461,1
rama-krishnamoorthy-2658ab78,1
yusuf-abdi-b718b413,1
steve-forsythe-a073531b,1
patrick-jiang-1883924,6
martin-jackson-a3835170,1
kenneth-fitch-167662129,1
justin-tharp-23058578,1
nikhilmc,6
manikanta-venkata-777203166,6
christian-lebiere-a78559,1
david-zats-b56bb386,1
michael-mason-5675259,2
rogerjudd,2
sethkunal,2
marwanbeshir,6
chaoren-liu-33b99645,1
dylancdrake,2
ben-tullis-0811103,3
dan-markley-a1081231,2
peterlincoln,1
safiullah1,5
paul-w-4b8b9780,1
sirnate,1
jeff-jo-19b77420,1
arjun-kamath-3025a392,4
nathan-andre-b7707a21,2
jared-varnado-35b55830,6
paul-dziewit-174067139,1
zwchan,6
shinto-joseph-a3b4ab24,4
vijaynagappa,5
carlos-cesar-costa-oliveira-b363b4227,3
utkusirin,1
ramsundar-muthusubramanian-6568aa26,6
tunatoksoz,2
bradford-m-33007045,6
ddchen05,1
fred-romelfanger-51938b5,1
jayachandran-c,2
matthewalexanderd,6
nitinchauhan89,6
chamu-kondapalli-5aa9b332,3
soowon-choi-989b3454,1
liang-tang-1515003a,2
mosud-ahmed-a99a551a1,4
shahumang18,3
sonny-icks-485694104,1
christopher-lockett-embedded-systems,1
alex-chun-81062013,1
trin-xue-95107a24,3
laxmanrthagan,6
mikearnoult,2
cinto-sunny,6
hari-tiruveedhula-aa02a3127,6
jeffrey-brogden-6243494a,1
orlando-jordan-65924424,1
yuriy-aleksandrov-b59858a3,6
preetham-nanda-b376286,1
mylin,2
robert-chrzanowski-66981591,3
hengyiy,2
keith-burk-ba18123,6
stephen-youndt-27499a6,5
gordon-shields-28529a88,1
harsha-mysur-83870926,3
nagendra-penugonda-65955ba1,4
paulnbennett,1
bo-li-795a5132,1
michael-schubmehl-9627b5196,1
shreyas-parthasarathy-58465653,3
alex-mcdonnell-58207222,1
peter-chang-320072143,3
michael-j-dodge,6
sagar-waghmare-60364016,1
wayne-beck-1480b012,6
denon-cheung-4527a71a,2
rakesh-gosangi-52159156,1
joel-schlosser-391a5988,1
%F0%9F%91%A9%E2%80%8D%F0%9F%92%BBramandeep-kaur-51818524,3
greg-pawelczyk-81ba016,3
kyle-mahaffey,6
michael-miles-9149766b,1
brian-ivey-9793888a,1
terry-wheat-8ba78680,1
stephen-schultz-60816585,6
rui-dai-a55719109,1
leefordyce,2
kenneth-acevedo-89046059,2
yuvaraj-anbarasan-18286952,4
kenneth-ken-tice-3ba21830,1
donald-hall-7ab60364,1
timothy-lester-91132514,3
michael-mohler-06631a9,1
william-coster-93a354b5,2
chanray,2
peter-powers-6bb6ab4,1
amit-d-998459169,6
christopher-dohmen-7250b337,3
johnviaropulos,1
charles-forrest-6665348,2
michaelay,6
prashanth-chandrasekaran-4873809,2
muralidharan-kandasamy-7a292661,3
rmoorjani,4
davidhardy2357,1
peter-lustig-b56a2098,2
simun-yugashakti-06718a27,6
stephen--eubanks,6
pavan-kumar-bugude-nagaraj-9a61b768,4
goutham-k-386551161,5
goutham-sethuraman-7a22b6b0,3
alfred-m-powell-jr-820a3b50,1
mark-washington-a65783217,5
akshay-r-0773781a9,3
alexander-ekstrom-92926b110,2
david-fish,2
mishal-shah-a48a9a88,6
shakeelsiraj,6
stone-joel,1
aaron-laney-728b1584,2
nathan-giles-49032567,1
jason-o-donnell-5b17ab97,4
kimtaehyung91,4
dhruvilvyas,4
edmon-aslan-98280b60,5
pranay-kalva-48b5394a,3
peter-novotney-732790a7,6
jack5432109,3
todd-wright-52510a85,1
will-xu-6a357236,2
jonathan-kriss-2717b564,2
thomas-naughton-1a027496,1
harkeeratbedi,1
jeffrey-jardiolin-06a67bb3,1
matthew-gaines-0647276a,5
vladimirlomako,4
praveenak,6
sathish-venkatesan-64563915,2
shriram-jayachandran-29929837,2
youngrak-park-418926191,1
zhenhua-li-a90a4035,1
jeremy-wright-567a0b64,3
xu-mingzhe-b8188563,1
lee-butler-9a757215,1
nikunj-agarwal-064922ab,2
carlos-eduardo-rodrigues-alves-75624a,1
venkateswarulu-vadla-432432a3,6
christopher-smith-b415a957,2
andy-quay-82bb2766,1
thimmaiah-b8783aa4,2
yuansi-chen-baab24a7,1
john-w-kowalski-ba9a90a1,1
carl-peoples,2
chuck-winters-6b171919,1
james-pettitt-6ba78211,1
travis-tile-58968b8,6
jesse-vig,1
christianwilkie,2
chaitanya-n-843799215,5
javadeepakagarwal,4
eswara-n-100498188,5
seokje-seo-00b8128a,2
aditya-kumar-b0864036,1
tusharb,1
israel-rivera-jr-19949797,1
michael-legore,2
harshavardhanbn,4
jeffolivier,2
felix-lau-0386641a,5
walterxiao,2
brett-roads-78498717,1
jesse-couch-b5a0063a,1
didi-chen-95245943,1
narasimha-varma-3b0aa817,6
bjvanminnen,2
jeroddurbin,2
fjamour,1
karthikramasamy,6
charlesmarshalllucas,5
arlo-lyle-3b38204,2
isaac-afful-b2b1b419a,5
stergios-stergiou-3584a012,1
irwin-purifoy-881140104,1
brucetian,2
john-cairns-5a721511,6
josh-fodale-102398a0,1
hughsilin,1
tianlun-liu-a4555a50,6
mark-brophy-21a90980,6
srinivas-merugu-05b15b1a,5
patelp3,5
mikewangyuhui,2
weizhi-wang-65566b88,2
jacobpelican,2
christopher-popp-45a991136,3
dylan-tevlin-66691a93,5
bryan-granger-3b475328,5
kyle-kelly-923226129,6
ram-vajrapu,6
anand-vadavelli,3
kamron-farrokh,4
nick-cramer,1
jinu-george-00822232,3
andrew-mittereder,2
brian-bender-b488484b,1
ramin-raziperchikolaei-8880ab5a,1
michael-schall-6439b85,1
venkatesh-chekuri-b15115b4,6
eric-lorenz-58bb397,4
chris-aplin,6
kevin-halverson-06081a124,2
tushar-singhal,5
dale-massey-7b5a338,1
eric-salsbury-3185a413,4
kwatford,1
ha%C5%9Fim-sak-670b997,1
sandeepan-sanyal-9bb44b6,2
yang-zhang-b3b0156,2
andrew-lewine-a9505728,6
harshitmittal,6
brian-schmitt-aa075269,2
david-james-anderson-49967b51,6
qihangwang,2
derek-curtis-32708951,6
bengen-tan-b6056448,5
israel-steinfeld-365094110,1
alan-tu-5a441221,5
edward-pizzi,2
robertheler,1
chris-barnyard,1
soroushb,6
kencaluwaerts,1
mikey-c-b9a32913a,2
ananth-devulapalli-607ab413b,1
sergeyzhupanov,2
jinsong-leng-665930b,1
robert-loveland-a50243a1,1
horatiu-dumitru-1528b319,2
prasanmouli,6
mark-j-olah,1
kozitsky,1
haojun-zhang,1
sujit-kuthirummal-019066a,2
joe-korolewicz-26b22966,2
jeremy-ju,1
johndanielstewart,1
amarpreet-kalra-376a67158,6
bill-carpenter-41b17a8b,1
paul-kienzle-816a084a,1
grant-sherrick-66959053,1
brian-bell-7483b48b,1
srinimerugu,5
youngrakpark,1
prasad-k-24136635,3
william-stierhout-b717ab10b,1
duy-nguyen-truong-0455a136,2
daniel-negron-71630019,3
gauravaditya,2
andrew-mittereder-99245662,2
mark-olah-a1a237210,1
zach-portman-a5a214158,1
nathaniel-roman-13948113,2
oscar-calzada-b34b8b53,5
bryan-j-a1b5005a,4
anudeep-vattipalli,3
samanehsan,2
carl-mauer-3330907,1
jonathan-hodnefield-44670984,1
george-busby-130a4614,2
sen-m-74143072,6
todd-bartfalvi-5336b588,6
chen-lin-hsieh-08719164,1
sumanta-baral,3
zhihaiyang,2
tim-callaway-52a1b427,6
arjunkumar79,2
charles-white-a024b625,1
zhou-zhao-0686165b,2
masoud-bahramisharif-63900439,1
joshuah-hayes-5a921a66,2
samson-hauguel-b8502934,2
emmett-wester,2
peter-gathu-0a279b21b,5
damon-earp-5495a8119,1
peng-peng1,6
christopher-dugan-5936b677,1
adam-l-taylor-621ab91b,3
sajal-kumar-95a0b413,6
christopher-arner-54037427,3
geng-li-a8883114,2
thirupathi-rengasamy-7263a5b,4
utopcell,1
mayank-singh-885a6b77,4
david-short-9876704,6
beldenschroeder,3
eric-ross-a4901473,1
nino-zuljevic-b1ab8134,1
michael-mathews-082b3350,2
markadejesus,2
andrew-szydlik-45a65050,2
david-jung-04620041,2
joe-fowler-bb339a43,1
frank-xiao-su-hu-1458a656,1
nitin-mule,3
gavin-o-brien-47071414,1
yan-cui-43a9a015,2
rahul-kumar-99002521a,6
nanduris,2
chris-henzie,2
gavin-baijnauth-73b82626,6
carter-farthing-79465339,1
zacklitzsinger,2
archit-gupta-in,5
bember,2
dan-watland-9a706330,6
gilbert-mendez-222a6b48,6
ronald-dortch-a111599a,3
anton-morozov-b47b83106,5
jacob-reichard-3a5b567a,1
jon-samuels-160124200,3
ramprasad-konda-1b84a517,6
baozhong-zheng,6
troylingenfelter,1
giancarlo-garcia-676b225b,1
prashant---sharma,4
rohitagarwal003,2
utku-sirin-919364b3,1
jatinkum,3
amogh-dhamdhere-3321b753,1
yang-chen-42246817,1
marcus-walz-912954a4,1
clingsz,1
fernando-de-goes-14b7707,1
mmahedihasan,2
paul-toutant-342b0173,1
rkorn,2
ramakrishnan-kandhan-78841227,2
trevor-golden-9350b6245,5
adrianmbrown87,2
michael-minor-ab901663,2
arvindramesh2,5
kiran-r-064047171,3
brianxia,6
michael-w-24409571,1
ben-butler-80b09988,3
srinivasrapolu,6
kiel-torfin-a80b4b42,6
sumanta-baral-a14a0026,3
christophershaen,1
derek-thompson-ab153a9b,6
robert-zermeno-72200714,1
john-bulzacchelli-05131944,1
vikramaditya-nimmagadda-78814b39,1
kiran-m-6642a2221,6
minkikimumn,1
brianaydemir,1
muzaffer-akbay,1
joshuaisaac,6
benjamin-christa,1
vikas-bainsla-046b504a,6
vivek-ray-296224209,3
joeporembski,1
mavericwong,2
brian-perkins-55168236,1
chun-ho-ng-a25194133,2
sankhadka,2
abhijit-mathur-705b6442,1
kdrosa,1
zusiddiqui1,3
guangcheng-zhang-44219940,2
randy-f-a32b2b96,1
srikanth-kancharla-97b900124,6
nick-mccoy-dev,6
sanyamsharma,6
peterlauqf,1
fgaosnps,1
andrew-mara-507b1064,1
ben-heppner-58b65a97,1
rohinrajan,6
psuteparuk,6
jdr195,6
naga-dhyapulai-a74b51139,5
lucas-zurek,3
vikrambhullar,6
bryanmarsh,6
laxman-ram-thagan-738a611b,3
derek-pryor-17837163,1
chandan-r-,5
paul-kochetkov,1
alec-garza-galindo-1ba16423,2
david-bary-ab935513,3
hosub-lee,1
david-ballard-71364825,5
jaishankar-chandran-5588b1160,3
nitika-goyal-2881a063,6
su-liu-ba7a8765,1
aryca-waller-b8361447,6
terri-saunders-king-7a9a949,4
huayu-xu-31294432,1
carly-thelander-392904a6,6
tmendozas,5
julie-s-a20294a,6
ankita-sahu,6
xinhui-li-37703b33,1
yue-ji-a34a7352,3
samaneh-aminikhanghahi,1
isha-kandaswamy-13a90b23,2
antad,5
irina-gordei-1a304255,1
luba-kagan-31448027,1
poojaukarde,6
sarah-wolinski,1
nancy-xu-ba32a985,1
carol-baumbauer-35089717b,1
celia-w-97092976,2
margie-riggan-2a177140,1
nidhi-2a89aa187,5
bvijayeswari,4
shanthi-mikkilineni-73494317,2
shweta-s-5813b714b,4
ashwinijoshi1,1
manali-chakraborty-b3a66153,2
apolline-branca,3
xiaoyucai,1
elliott-drabek-9b790423,1
devi-leela-30470037,6
arunakarunarathna,4
aisharjya-sarkar-bb463b30,1
charulgumber,6
basak-eraslan-474458210,1
poorvi-garg-61623219,2
lin-ning-370a4425,1
zagumenov,6
sriramya-ayyagari-3bb1625a,1
kanika-mago,1
amelia-lopez-43b3603a,2
shantae-ockimey-ms-ccrp-b22591bb,1
lizette-dickey-07a16b103,6
ashleycrish,2
kat-evans-46a364a8,1
deepthi-chigurupalli-5aa795156,4
renukareddy2304,5
dayanand515,2
esther-amiri-3140b56,6
katie-forshier-8a28b95a,4
rasagnaramireddy,3
aasritha-t-66211322a,6
maria-muslea-8620a07,1
roxannemtan,6
yileiqian,2
courtney-huang,4
ankita-garg-023859103,5
hongying-james-60371666,1
wenqi-zhang-6002ab3b,6
shwetasubramani,2
vandanabiruduraju,1
taylor-buerger-66975043,2
karen-stevens-a45809212,1
corinn-herrick-42689891,2
huihuizhanguofu2013,6
kelly-lowary-97834268,2
poorvi-garg,2
purnema-gandhi-7aa8044a,4
poonamshanbhag,2
jingjin4,1
sara-ogaz-0a035890,1
ayeshashaik0798,6
swagatika-rath-430a5092,5
ravooriswetha,5
bingqingwu,1
marie-goldenberg-1a6aa774,6
chaitra-shetty-b2054816,6
preetiramaraj,1
nahumrotem,6
yangbing-lou-b7525826,1
anna-pablo-a2625925,6
jovana-taylor-06b7619b,6
sasha-slijepcevic-b9b744,1
parkerkimbell,2
carol-maffettone-7b957816,1
lavanya-pakhala-230036b4,2
ankita-dwivedi-7b93377b,3
chaitali-d-aaa671242,5
daniya,1
lingyun-ruan-2ba17340,2
ritumundhe,3
vijayalakshmi-chanumolu-ab68541b,2
tharangini-jakkena,4
allison-foltz-a94187b,6
zeynepodcikinozdemir,1
ellieleep,3
qing-wang-952ab732,6
eli-havasov,5
lu-joyce-han-a385231b,1
allecia-kimble-2a743430,1
nishi-saini-77355620,4
yubingdong,5
sudha-rani-balla-74a6b099,6
shweta-sood-20928522,6
kavitha-kunreddy,3
yzhang2019,1
jenny-hyunjung-lee-9319b466,2
sumana-satyaprakash-5b082b7,4
catherine-sullivan-4593927,1
janani-venkatesan-a25b05a0,3
laurie-kuper-77b03446,1
kieran-hayes-b4a782104,1
glenda-hilliard-776b2717,1
lynn-young-a196464,1
breelyn-kane-styler-a0550b103,5
somya-verma-chicago,2
geetha-vijayan-03802827,3
lynn-wallace-33aab8201,1
sravani-suri-reddy-0460b578,6
vidya-jay-81687083,4
emily-budlong-62040784,1
sobia-ali-16729351,6
tanushri-khandekar-9198274a,5
candymccall,1
susan-silva-159a2710,1
sandhya-hanchinamani-a4468115,5
saikala-p-92917846,6
shilpa-banala,4
jennyhjlee,2
mobola-fasheun-b778745b,3
taylor-siebenberg,2
charu-aggarwal-a59510,1
joanne-perra-82674746,1
hui-cheng-18b19911,6
alla-gul-09a72026,1
swathi-nath-3b471b56,6
lana-manovych-14153221,5
elham-chandler-93074242,1
priyanka-saluja-1b6501159,6
priyanka-verma-834892117,6
tanya-tang,1
mrunmayinandgaonkar,2
leesehe310,2
jisun-kang-engineer,2
roxanne-flint-1101b09,1
sasha-lyamtsev-6852744,2
lavanya-thaduri-a884184a,1
arti-kulkarni-7978167a,3
lulu-zhao-24562979,1
susan-fulton-21487b75,6
visala-bayana-45b09b76,4
spurthy-lahiri-53672358,5
ling-pang-44514520,6
maricel-verbeke-01b9a058,3
hiba-al-zahawi-9587b88,2
hemasudhakar-immani,6
ashley-mock-7568064b,5
susan-mburu-263a933a,3
melanie-collins-aa587792,1
sofia-pediaditaki-49405316,2
irina-novodvorets-83539698,4
aboutmegan,1
elizabeth-khanishian-11016612a,1
yue-lu-4377a480,3
minsamathews,3
petrasmitkova,3
sarah-wolinski-3a63b83b,1
peksan-kong-25630783,2
umakotaru,3
tiffany-au-2004623b,2
tammie-hart-a36a028,4
fangfei-zhou-11264712,1
kacie-wendling-b6702359,6
sneha-watharkar-29a936ab,6
fatima-t-2080ba243,6
anahita-alipour-978044a7,2
roxana-chiorean-75aa5256,2
michelle-hart-42869b97,1
karlakibata,5
prathibha-rajendran-b1811b208,6
vickywongus,1
trang-k-duong-83768251,1
jennifer-picucci-phd-ab43b617,1
harshita-sharma-a505a94a,1
ritalenzi,2
martina-paul-57939a72,1
pu-huang-69411796,1
nikitadubrovsky,2
sarah-hall-a6726873,1
bella-richard-2313a71b3,5
pavithra-kumar-22b753173,1
sharon-kaare-0b2004149,1
starra-billones-285a985,6
xuemei-liu-62aba12b,6
bhawana-seth-6a910523,3
priyankabura,6
sandy-murphy-85407a4,1
jane-jojo-594b6512,1
jia-chen-53b548b,6
mahalakshmi-hariharan,3
sowmya-g-a1996025a,6
kanika-mago-6a63b7133,1
manju-theresa-b372b278,6
jyoti-parwatikar-220734ba,1
ramya-doppalapudi-04b14b12a,6
peggylilee,1
amanda-triplett-ssm%C2%AE-scm%C2%AE-11438026,5
tejalsurana,3
elaheh-s-4329474a,1
chavonne-r-walker-2833baa3,1
mitra-p-719284261,4
rebecca-gulotta-4554227,1
denise-franchetti-67455958,1
preeti-bhatevara-6aab246a,4
samaneh-aminikhanghahi-95289b72,1
kim-johnson-5a565838,1
mamtakumari8811,1
vasundhara-singh-0a603625,2
jody-schraden-4610568,3
aikolin,1
soyaejeong,2
manali-chakraborty-b4108229,2
radhika-maheshwari,3
olivia-jones-0b929a208,5
qing-guo-73ba2470,1
zhenlanwang,1
tamar-sery-251809a4,2
feifei-gu-8a026026,2
christina-fregia-b3b8a115,1
luyao-wu-b2221385,2
divya-choksey-22350a54,6
yuewang1,2
denise-smith-111a55189,1
deepav154,6
kerrygarrett,1
charlotte-price-601a6159,1
vineeta-trivedi-69b121183,6
lauren-graham-076a3b70,6
jessie-c-7b047177,6
judy-thomas-00b18a17,1
poojitha-amin,3
baumansd,1
shilpi-kavra-5288b81a4,3
petersonbriana,2
allison-jones-nebraska,1
natashalee85,6
tierui-terri-chen-279103b,2
bhagya-jyothi-badur-95105924,5
laura-beaufort-12189213b,5
anna-shen-5214886,2
maura-warner-0b196551,2
radhika-kshitij-sinha-8a40465b,4
pei-chun-cheng-9405662a,6
sravanthi-chilappagari-a16a8a34,3
lisa-o-donnell-77696884,1
csejerry,2
sarah-sehr-a1335713,2
priyankasibal,3
molly-alter-6776a7180,5
shipali-shetty-456b1938,1
gorantlakeerthireddy,6
shravya-reddy,2
deepthi-jose-6b753414,1
suzanne-adams-72a74945,1
hong-lu-549a1b19,1
mahak-rajvanshi,3
andrea-tan-65992887,2
araly-romero,1
marianna-pena-b6617754,2
ingrid-franz-20325b4,6
nisha-j-3438a6107,6
marjorie-kenvin-smith-9003a133,1
angela-wallace-677290b8,5
aruna-peravali,5
srujana-chennareddy-2a14a6113,6
indhu-ravindra-9a9481147,6
lisa-esquivel-1aaa8b82,1
rashmi-baliga-53b539122,4
shanthivenkatesan,4
garima-thapar-8039b710,3
araly-romero-a72969112,1
yulan-luo-a61b29132,1
qiaoling-linda-liu-4218846b,1
pallavi-deshmukh-25762334,3
rebeccamaessen,2
supriya-kommireddi-b2007b16,6
ranjana-naik-002a1a155,6
pallavi-tilak-8155ba37,6
melissamhansen,2
vibha-kavoor-prabhu-763391174,3
caroline-ziemkiewicz-bb9b5213b,1
christiana-wilson-srf,1
christiana-wilson-92aa3930,1
catherine-kahuki-a243aa9,1
lingyun-hu-40314518,5
stephaniebian,2
alekslyamtsev,2
sowjanya-tatineni-40158692,6
krishnaveni-p-b2222928,4
lottie-price-0a718257,1
sandra-kleiner-bbb8247a,1
aukargol,1
layamrudhaa-venkatesan-51036b29,2
yelena-wu-a2a2332a,2
sariandoni,2
